p 	pl 	ppicture 	w 	wl 	wpicture
http://www.wikidata.org/entity/Q9960 	"Ronald Reagan"@en 	http://commons.wikimedia.org/wiki/Special:FilePath/Official Portrait of President Reagan 1981.jpg 	http://www.wikidata.org/entity/Q193426 	"Nancy Reagan"@en 	http://commons.wikimedia.org/wiki/Special:FilePath/Nancy Reagan.jpg
http://www.wikidata.org/entity/Q11813 	"James Madison"@en 	http://commons.wikimedia.org/wiki/Special:FilePath/James Madison.jpg 	http://www.wikidata.org/entity/Q233638 	"Dolley Madison"@en 	http://commons.wikimedia.org/wiki/Special:FilePath/Dolley Madison.jpg
http://www.wikidata.org/entity/Q9960 	"Ronald Reagan"@en 	http://commons.wikimedia.org/wiki/Special:FilePath/Official Portrait of President Reagan 1981.jpg 	http://www.wikidata.org/entity/Q95055 	"Jane Wyman"@en 	http://commons.wikimedia.org/wiki/Special:FilePath/Promotional photograph of Jane Wyman.jpg
http://www.wikidata.org/entity/Q11812 	"Thomas Jefferson"@en 	http://commons.wikimedia.org/wiki/Special:FilePath/Thomas Jefferson by Rembrandt Peale 1805 cropped.jpg 	http://www.wikidata.org/entity/Q238001 	"Martha Jefferson"@en 	http://commons.wikimedia.org/wiki/Special:FilePath/Martha Jefferson Randolph cropped.jpg
http://www.wikidata.org/entity/Q33866 	"Theodore Roosevelt"@en 	http://commons.wikimedia.org/wiki/Special:FilePath/Theodore Roosevelt 1901-08.jpg 	http://www.wikidata.org/entity/Q2836599 	"Alice Hathaway Lee Roosevelt"@en 	http://commons.wikimedia.org/wiki/Special:FilePath/Alice Hathaway Roosevelt 1.jpg
http://www.wikidata.org/entity/Q11815 	"James Monroe"@en 	http://commons.wikimedia.org/wiki/Special:FilePath/James Monroe 02.jpg 	http://www.wikidata.org/entity/Q233628 	"Elizabeth Monroe"@en 	http://commons.wikimedia.org/wiki/Special:FilePath/Elizabeth Monroe.jpg
http://www.wikidata.org/entity/Q33866 	"Theodore Roosevelt"@en 	http://commons.wikimedia.org/wiki/Special:FilePath/Theodore Roosevelt 1901-08.jpg 	http://www.wikidata.org/entity/Q237590 	"Edith Roosevelt"@en 	http://commons.wikimedia.org/wiki/Special:FilePath/Edith Kermit Carow Roosevelt 1900-1910.jpg
http://www.wikidata.org/entity/Q11869 	"William Henry Harrison"@en 	http://commons.wikimedia.org/wiki/Special:FilePath/William Henry Harrison by James Reid Lambdin, 1835.jpg 	http://www.wikidata.org/entity/Q255190 	"Anna Harrison"@en 	http://commons.wikimedia.org/wiki/Special:FilePath/Anna Symmes Harrison.jpg
http://www.wikidata.org/entity/Q11816 	"John Quincy Adams"@en 	http://commons.wikimedia.org/wiki/Special:FilePath/John Quincy Adams by GPA Healy, 1858.jpg 	http://www.wikidata.org/entity/Q233660 	"Louisa Adams"@en 	http://commons.wikimedia.org/wiki/Special:FilePath/Louisa Catherine Johnson Adams by Gilbert Stuart, 1821-26.jpg
http://www.wikidata.org/entity/Q11891 	"James K. Polk"@en 	http://commons.wikimedia.org/wiki/Special:FilePath/JamesKnoxPolk.png 	http://www.wikidata.org/entity/Q234285 	"Sarah Childress Polk"@en 	http://commons.wikimedia.org/wiki/Special:FilePath/Polk sarah.jpg
http://www.wikidata.org/entity/Q11881 	"John Tyler"@en 	http://commons.wikimedia.org/wiki/Special:FilePath/WHOportTyler.jpg 	http://www.wikidata.org/entity/Q234525 	"Julia Gardiner Tyler"@en 	http://commons.wikimedia.org/wiki/Special:FilePath/Julia Tyler.jpg
http://www.wikidata.org/entity/Q11820 	"Martin Van Buren"@en 	http://commons.wikimedia.org/wiki/Special:FilePath/Martin Van Buren.jpg 	http://www.wikidata.org/entity/Q255310 	"Hannah Van Buren"@en 	http://commons.wikimedia.org/wiki/Special:FilePath/Hannah van buren 2.jpg
http://www.wikidata.org/entity/Q11881 	"John Tyler"@en 	http://commons.wikimedia.org/wiki/Special:FilePath/WHOportTyler.jpg 	http://www.wikidata.org/entity/Q24790 	"Letitia Christian Tyler"@en 	http://commons.wikimedia.org/wiki/Special:FilePath/Letitia Tyler.jpg
http://www.wikidata.org/entity/Q11817 	"Andrew Jackson"@en 	http://commons.wikimedia.org/wiki/Special:FilePath/Andrew jackson head.jpg 	http://www.wikidata.org/entity/Q238387 	"Rachel Jackson"@en 	http://commons.wikimedia.org/wiki/Special:FilePath/Rachel Donelson Jackson by Ralph E. W. Earl.jpg
http://www.wikidata.org/entity/Q11896 	"Zachary Taylor"@en 	http://commons.wikimedia.org/wiki/Special:FilePath/Zachary Taylor by Joseph Henry Bush, c1848.jpg 	http://www.wikidata.org/entity/Q234302 	"Margaret Taylor"@en 	http://commons.wikimedia.org/wiki/Special:FilePath/Margaret Taylor Daguerreotype.jpg
http://www.wikidata.org/entity/Q91 	"Abraham Lincoln"@en 	http://commons.wikimedia.org/wiki/Special:FilePath/Abraham Lincoln November 1863.jpg 	http://www.wikidata.org/entity/Q215062 	"Mary Todd Lincoln"@en 	http://commons.wikimedia.org/wiki/Special:FilePath/Mary Todd Lincoln2crop.jpg
http://www.wikidata.org/entity/Q8007 	"Franklin Delano Roosevelt"@en 	http://commons.wikimedia.org/wiki/Special:FilePath/Froosevelt.jpeg 	http://www.wikidata.org/entity/Q83396 	"Eleanor Roosevelt"@en 	http://commons.wikimedia.org/wiki/Special:FilePath/Eleanor Roosevelt at United Nations in Paris - NARA - 195965.jpg
http://www.wikidata.org/entity/Q23 	"George Washington"@en 	http://commons.wikimedia.org/wiki/Special:FilePath/Gilbert Stuart Williamstown Portrait of George Washington.jpg 	http://www.wikidata.org/entity/Q191789 	"Martha Washington"@en 	http://commons.wikimedia.org/wiki/Special:FilePath/Martha Washington.jpg
http://www.wikidata.org/entity/Q11806 	"John Adams"@en 	http://commons.wikimedia.org/wiki/Special:FilePath/JohnAdams 2nd US President.jpg 	http://www.wikidata.org/entity/Q206191 	"Abigail Adams"@en 	http://commons.wikimedia.org/wiki/Special:FilePath/Abigail Adams.jpg
http://www.wikidata.org/entity/Q36023 	"Calvin Coolidge"@en 	http://commons.wikimedia.org/wiki/Special:FilePath/Calvin Coolidge photo portrait head and shoulders.jpg 	http://www.wikidata.org/entity/Q234287 	"Grace Coolidge"@en 	http://commons.wikimedia.org/wiki/Special:FilePath/Grace Coolidge.png
http://www.wikidata.org/entity/Q1124 	"Bill Clinton"@en 	http://commons.wikimedia.org/wiki/Special:FilePath/Bill Clinton.jpg 	http://www.wikidata.org/entity/Q6294 	"Hillary Rodham Clinton"@en 	http://commons.wikimedia.org/wiki/Special:FilePath/HRC in Iowa APR 2015.jpg
http://www.wikidata.org/entity/Q1124 	"Bill Clinton"@en 	http://commons.wikimedia.org/wiki/Special:FilePath/Bill Clinton.jpg 	http://www.wikidata.org/entity/Q6294 	"Hillary Rodham Clinton"@en 	http://commons.wikimedia.org/wiki/Special:FilePath/2009 0123 clinton bio 200 1.jpg
http://www.wikidata.org/entity/Q1124 	"Bill Clinton"@en 	http://commons.wikimedia.org/wiki/Special:FilePath/Bill Clinton.jpg 	http://www.wikidata.org/entity/Q6294 	"Hillary Rodham Clinton"@en 	http://commons.wikimedia.org/wiki/Special:FilePath/HillaryClinton2004MarchWomensLives.jpg
http://www.wikidata.org/entity/Q1124 	"Bill Clinton"@en 	http://commons.wikimedia.org/wiki/Special:FilePath/Bill Clinton.jpg 	http://www.wikidata.org/entity/Q6294 	"Hillary Rodham Clinton"@en 	http://commons.wikimedia.org/wiki/Special:FilePath/Hillary Clinton 1992.jpg
http://www.wikidata.org/entity/Q1124 	"Bill Clinton"@en 	http://commons.wikimedia.org/wiki/Special:FilePath/Bill Clinton.jpg 	http://www.wikidata.org/entity/Q6294 	"Hillary Rodham Clinton"@en 	http://commons.wikimedia.org/wiki/Special:FilePath/Hrcofficial.jpg
http://www.wikidata.org/entity/Q1124 	"Bill Clinton"@en 	http://commons.wikimedia.org/wiki/Special:FilePath/Bill Clinton.jpg 	http://www.wikidata.org/entity/Q6294 	"Hillary Rodham Clinton"@en 	http://commons.wikimedia.org/wiki/Special:FilePath/Secretary Clinton 8x10 2400 1.jpg
http://www.wikidata.org/entity/Q1124 	"Bill Clinton"@en 	http://commons.wikimedia.org/wiki/Special:FilePath/Bill Clinton.jpg 	http://www.wikidata.org/entity/Q6294 	"Hillary Rodham Clinton"@en 	http://commons.wikimedia.org/wiki/Special:FilePath/HillaryPA.jpg
http://www.wikidata.org/entity/Q1124 	"Bill Clinton"@en 	http://commons.wikimedia.org/wiki/Special:FilePath/Bill Clinton.jpg 	http://www.wikidata.org/entity/Q6294 	"Hillary Rodham Clinton"@en 	http://commons.wikimedia.org/wiki/Special:FilePath/2006 04 13 Chicago Speech.jpg
http://www.wikidata.org/entity/Q35648 	"William Howard Taft"@en 	http://commons.wikimedia.org/wiki/Special:FilePath/WmHTaft.jpg 	http://www.wikidata.org/entity/Q255115 	"Helen Herron Taft"@en 	http://commons.wikimedia.org/wiki/Special:FilePath/Helen Herron Taft cph.3a02670.jpg
http://www.wikidata.org/entity/Q207 	"George W. Bush"@en 	http://commons.wikimedia.org/wiki/Special:FilePath/George-W-Bush.jpeg 	http://www.wikidata.org/entity/Q152019 	"Laura Bush"@en 	http://commons.wikimedia.org/wiki/Special:FilePath/Laura Bush portrait.jpg
http://www.wikidata.org/entity/Q35041 	"William McKinley"@en 	http://commons.wikimedia.org/wiki/Special:FilePath/Mckinley.jpg 	http://www.wikidata.org/entity/Q238397 	"Ida Saxton McKinley"@en 	http://commons.wikimedia.org/wiki/Special:FilePath/ISMcKinley.jpg
http://www.wikidata.org/entity/Q23685 	"Jimmy Carter"@en 	http://commons.wikimedia.org/wiki/Special:FilePath/James E. Carter - portrait.jpg 	http://www.wikidata.org/entity/Q219353 	"Rosalynn Carter"@en 	http://commons.wikimedia.org/wiki/Special:FilePath/Rose Carter, official color photo, 1977.jpg
http://www.wikidata.org/entity/Q23685 	"Jimmy Carter"@en 	http://commons.wikimedia.org/wiki/Special:FilePath/Jimmy Carter.jpg 	http://www.wikidata.org/entity/Q219353 	"Rosalynn Carter"@en 	http://commons.wikimedia.org/wiki/Special:FilePath/Rose Carter, official color photo, 1977.jpg
http://www.wikidata.org/entity/Q23685 	"Jimmy Carter"@en 	http://commons.wikimedia.org/wiki/Special:FilePath/JimmyCarterPortrait2.jpg 	http://www.wikidata.org/entity/Q219353 	"Rosalynn Carter"@en 	http://commons.wikimedia.org/wiki/Special:FilePath/Rose Carter, official color photo, 1977.jpg
http://www.wikidata.org/entity/Q23505 	"George H. W. Bush"@en 	http://commons.wikimedia.org/wiki/Special:FilePath/43 George H.W. Bush 3x4.jpg 	http://www.wikidata.org/entity/Q190628 	"Barbara Bush"@en 	http://commons.wikimedia.org/wiki/Special:FilePath/First Lady Barbara Bush.jpg
http://www.wikidata.org/entity/Q35686 	"Rutherford B. Hayes"@en 	http://commons.wikimedia.org/wiki/Special:FilePath/President Rutherford Hayes 1870 - 1880 Restored.jpg 	http://www.wikidata.org/entity/Q234275 	"Lucy Webb Hayes"@en 	http://commons.wikimedia.org/wiki/Special:FilePath/Lucy Webb Hayes - Brady-Handy.jpg
http://www.wikidata.org/entity/Q35686 	"Rutherford B. Hayes"@en 	http://commons.wikimedia.org/wiki/Special:FilePath/President Rutherford Hayes 1870 - 1880 Restored.jpg 	http://www.wikidata.org/entity/Q234275 	"Lucy Webb Hayes"@en 	http://commons.wikimedia.org/wiki/Special:FilePath/Lhayes.jpeg
http://www.wikidata.org/entity/Q9696 	"John F. Kennedy"@en 	http://commons.wikimedia.org/wiki/Special:FilePath/John F Kennedy.jpg 	http://www.wikidata.org/entity/Q165421 	"Jacqueline Kennedy Onassis"@en 	http://commons.wikimedia.org/wiki/Special:FilePath/JBK In Ft Worth (11-22-63).jpg
http://www.wikidata.org/entity/Q9588 	"Richard Nixon"@en 	http://commons.wikimedia.org/wiki/Special:FilePath/RNIXON.gif 	http://www.wikidata.org/entity/Q158707 	"Pat Nixon"@en 	http://commons.wikimedia.org/wiki/Special:FilePath/PatNixon.jpg
http://www.wikidata.org/entity/Q9582 	"Gerald Ford"@en 	http://commons.wikimedia.org/wiki/Special:FilePath/Gerald Ford.jpg 	http://www.wikidata.org/entity/Q213122 	"Betty Ford"@en 	http://commons.wikimedia.org/wiki/Special:FilePath/Betty Ford, official White House photo color, 1974.jpg
http://www.wikidata.org/entity/Q76 	"Barack Obama"@en 	http://commons.wikimedia.org/wiki/Special:FilePath/President Barack Obama.jpg 	http://www.wikidata.org/entity/Q13133 	"Michelle Obama"@en 	http://commons.wikimedia.org/wiki/Special:FilePath/Michelle Obama 2013 official portrait.jpg
http://www.wikidata.org/entity/Q34296 	"Woodrow Wilson"@en 	http://commons.wikimedia.org/wiki/Special:FilePath/Thomas Woodrow Wilson, Harris & Ewing bw photo portrait, 1919.jpg 	http://www.wikidata.org/entity/Q255169 	"Edith Bolling Galt Wilson"@en 	http://commons.wikimedia.org/wiki/Special:FilePath/Edith Wilson cropped 2.jpg
http://www.wikidata.org/entity/Q35171 	"Grover Cleveland"@en 	http://commons.wikimedia.org/wiki/Special:FilePath/StephenGroverCleveland.png 	http://www.wikidata.org/entity/Q233644 	"Frances Folsom Cleveland Preston"@en 	http://commons.wikimedia.org/wiki/Special:FilePath/Frances Folsom Cleveland.jpg
http://www.wikidata.org/entity/Q35171 	"Grover Cleveland"@en 	http://commons.wikimedia.org/wiki/Special:FilePath/StephenGroverCleveland.png 	http://www.wikidata.org/entity/Q233644 	"Frances Folsom Cleveland Preston"@en 	http://commons.wikimedia.org/wiki/Special:FilePath/Frances Folsom Cleveland.jpg
http://www.wikidata.org/entity/Q34597 	"James A. Garfield"@en 	http://commons.wikimedia.org/wiki/Special:FilePath/James Abram Garfield, photo portrait seated.jpg 	http://www.wikidata.org/entity/Q234261 	"Lucretia Garfield"@en 	http://commons.wikimedia.org/wiki/Special:FilePath/Lucretia Garfield - Brady-Handy.jpg
http://www.wikidata.org/entity/Q34296 	"Woodrow Wilson"@en 	http://commons.wikimedia.org/wiki/Special:FilePath/Thomas Woodrow Wilson, Harris & Ewing bw photo portrait, 1919.jpg 	http://www.wikidata.org/entity/Q234283 	"Ellen Axson Wilson"@en 	http://commons.wikimedia.org/wiki/Special:FilePath/ELWilson.jpg
http://www.wikidata.org/entity/Q35678 	"Benjamin Harrison"@en 	http://commons.wikimedia.org/wiki/Special:FilePath/Benjamin Harrison (official Presidential portrait, 1895).jpg 	http://www.wikidata.org/entity/Q2421426 	"Mary Dimmick Harrison"@en 	http://commons.wikimedia.org/wiki/Special:FilePath/Mary Dimmick Harrison.jpg
http://www.wikidata.org/entity/Q35498 	"Chester A. Arthur"@en 	http://commons.wikimedia.org/wiki/Special:FilePath/20 Chester Arthur 3x4.jpg 	http://www.wikidata.org/entity/Q2306099 	"Ellen Lewis Herndon Arthur"@en 	http://commons.wikimedia.org/wiki/Special:FilePath/Ellen Arthur.jpg
http://www.wikidata.org/entity/Q34836 	"Ulysses S. Grant"@en 	http://commons.wikimedia.org/wiki/Special:FilePath/Ugrant.jpeg 	http://www.wikidata.org/entity/Q233641 	"Julia Grant"@en 	http://commons.wikimedia.org/wiki/Special:FilePath/Julia Dent Grant.jpg
http://www.wikidata.org/entity/Q9640 	"Lyndon B. Johnson"@en 	http://commons.wikimedia.org/wiki/Special:FilePath/Lbj2.jpg 	http://www.wikidata.org/entity/Q233648 	"Lady Bird Johnson"@en 	http://commons.wikimedia.org/wiki/Special:FilePath/Lady Bird Johnson, photo portrait, standing at rear of White House, color, crop.jpg
http://www.wikidata.org/entity/Q35678 	"Benjamin Harrison"@en 	http://commons.wikimedia.org/wiki/Special:FilePath/Benjamin Harrison (official Presidential portrait, 1895).jpg 	http://www.wikidata.org/entity/Q234263 	"Caroline Harrison"@en 	http://commons.wikimedia.org/wiki/Special:FilePath/Caroline Harrison.jpg
http://www.wikidata.org/entity/Q35236 	"Herbert Hoover"@en 	http://commons.wikimedia.org/wiki/Special:FilePath/HerbertHoover.jpg 	http://www.wikidata.org/entity/Q233669 	"Lou Henry Hoover"@en 	http://commons.wikimedia.org/wiki/Special:FilePath/Louhenryhoover.jpg
http://www.wikidata.org/entity/Q12306 	"Millard Fillmore"@en 	http://commons.wikimedia.org/wiki/Special:FilePath/Millard Fillmore.jpg 	http://www.wikidata.org/entity/Q234266 	"Abigail Fillmore"@en 	http://commons.wikimedia.org/wiki/Special:FilePath/Abigail Fillmore (Library of Congress).jpg
http://www.wikidata.org/entity/Q11613 	"Harry S. Truman"@en 	http://commons.wikimedia.org/wiki/Special:FilePath/HarryTruman.jpg 	http://www.wikidata.org/entity/Q233652 	"Bess Truman"@en 	http://commons.wikimedia.org/wiki/Special:FilePath/Beth Truman cropped.jpg
http://www.wikidata.org/entity/Q9916 	"Dwight D. Eisenhower"@en 	http://commons.wikimedia.org/wiki/Special:FilePath/Dwight D. Eisenhower, official Presidential portrait.jpg 	http://www.wikidata.org/entity/Q233686 	"Mamie Eisenhower"@en 	http://commons.wikimedia.org/wiki/Special:FilePath/Mamie Eisenhower color photo portrait, White House, May 1954.jpg
http://www.wikidata.org/entity/Q8612 	"Andrew Johnson"@en 	http://commons.wikimedia.org/wiki/Special:FilePath/President Andrew Johnson.jpg 	http://www.wikidata.org/entity/Q234295 	"Eliza McCardle Johnson"@en 	http://commons.wikimedia.org/wiki/Special:FilePath/ElizaJohnson.jpg
http://www.wikidata.org/entity/Q35286 	"Warren G. Harding"@en 	http://commons.wikimedia.org/wiki/Special:FilePath/Warren G Harding portrait as senator June 1920.jpg 	http://www.wikidata.org/entity/Q233634 	"Florence Harding"@en 	http://commons.wikimedia.org/wiki/Special:FilePath/Florence Harding.jpg
http://www.wikidata.org/entity/Q12312 	"Franklin Pierce"@en 	http://commons.wikimedia.org/wiki/Special:FilePath/Franklin Pierce.jpg 	http://www.wikidata.org/entity/Q238371 	"Jane Pierce"@en 	http://commons.wikimedia.org/wiki/Special:FilePath/Jane Pierce portrait.jpg
